id1,id2,category1,category2,c1,c2,question1,question2,similarity
2475,2485,Area Clinica 2016,Area Clinica 2016,un'improvvisa diplopia accompagnata da strabismo convergente è dovuta a: paralisi del vi nervo cranico paralisi del iii nervo cranico neurite retrobulbare acuta occlusione dell'arteria centrale della retina nevralgia del trigemino,una improvvisa diplopia accompagnata da strabismo convergente è dovuta a: paralisi del vi nervo cranico paralisi del iii nervo cranico neurite retrobulbare acuta occlusione dell'arteria centrale della retina nevralgia del trigemino,un'improvvisa diplopia accompagnata da strabismo convergente è dovuta a:,una improvvisa diplopia accompagnata da strabismo convergente è dovuta a:,1.0000000000000004
397,395,Area Clinica 2016,Area Clinica 2017,"la cardioversione elettrica sincronizzata non ha indicazioni in tutte le seguenti condizioni, tranne che: nella tachicardia ventricolare senza polso nella fibrillazione elettrica nella blocco a-v di ii° a tipo mobitz ii nella flutter atriale nella dissociazione elettromeccanica","la cardioversione elettrica sincronizzata non ha indicazioni in tutte le seguenti condizioni, tranne che: nella tachicardia ventricolare senza polso nella fibrillazione elettrica nel blocco a-v di ii° a tipo mobitz ii nel flutter atriale nella dissociazione elettromeccanica","la cardioversione elettrica sincronizzata non ha indicazioni in tutte le seguenti condizioni, tranne che:","la cardioversione elettrica sincronizzata non ha indicazioni in tutte le seguenti condizioni, tranne che:",1.0000000000000004
654,653,Area Clinica 2017,Area Clinica 2019,da alcuni mesi salvatore lamenta dispnea per sforzi in precedenza ben tollerati (brevi rampe di scale) ; da qualche settimana si sveglia spesso di notte con la sensazione di mancanza d'aria. da qualche tempo dorme con due grossi cuscini. a quale delle seguenti sindromi corrisponde il il quadro clinico descritto? insufficienza ventricolare sinistra scompenso cardiaco destro crisi di panico asma bronchiale insufficienza coronarica,da alcuni mesi salvatore lamenta dispnea per sforzi in precedenza ben tollerati (brevi rampe di scale) ; da qualche settimana si sveglia spesso di notte con la sensazione di mancanza d'aria. da qualche tempo dorme con due grossi cuscini. a quale delle seguenti sindromi corrisponde il quadro clinico descritto? insufficienza ventricolare sinistra scompenso cardiaco destro crisi di panico asma bronchiale insufficienza coronarica,da alcuni mesi salvatore lamenta dispnea per sforzi in precedenza ben tollerati (brevi rampe di scale) ; da qualche settimana si sveglia spesso di notte con la sensazione di mancanza d'aria. da qualche tempo dorme con due grossi cuscini. a quale delle seguenti sindromi corrisponde il il quadro clinico descritto?,da alcuni mesi salvatore lamenta dispnea per sforzi in precedenza ben tollerati (brevi rampe di scale) ; da qualche settimana si sveglia spesso di notte con la sensazione di mancanza d'aria. da qualche tempo dorme con due grossi cuscini. a quale delle seguenti sindromi corrisponde il quadro clinico descritto?,1.0000000000000002
400,398,Area Clinica 2016,Area Clinica 2019,un'anestetico locale viene addizionato in soluzione ad epinefrina 1:200.000 allo scopo di determinare: una ridotta estensione del blocco sensoriale una maggiore durata del blocco sensoriale una potenziamento del blocco motorio una minor rischio di ipotensione arteriosa una tutti gli effetti citati,un'anestetico locale viene addizionato in soluzione ad epinefrina 1:200.000 allo scopo di determinare: una ridotta estensione del blocco sensoriale una maggiore durata del blocco sensoriale un potenziamento del blocco motorio un minor rischio di ipotensione arteriosa tutti gli effetti citati,un'anestetico locale viene addizionato in soluzione ad epinefrina 1:200.000 allo scopo di determinare:,un'anestetico locale viene addizionato in soluzione ad epinefrina 1:200.000 allo scopo di determinare:,1.0000000000000002
132,131,Area Clinica 2016,Area Clinica 2018,"di fronte a una paziente con stillicidio ematico del capezzolo, qual'è l'esame di prima scelta che è più indicato eseguire: ecografia mammaria duttogalattografia mammografia agoaspirato della lesione palpabile tac","di fronte a una paziente con stillicidio ematico del capezzolo, qual è l'esame di prima scelta che è più indicato eseguire: ecografia mammaria duttogalattografia mammografia agoaspirato della lesione palpabile tac","di fronte a una paziente con stillicidio ematico del capezzolo, qual'è l'esame di prima scelta che è più indicato eseguire:","di fronte a una paziente con stillicidio ematico del capezzolo, qual è l'esame di prima scelta che è più indicato eseguire:",1.0000000000000002
2872,2882,Area Clinica 2016,Area Clinica 2016,"un aumentato rischio di osteoporosi avviene con tutte le seguenti, tranne: amenorrea atletica anoressia eparina sindrome dell'ovaio policistico sindrome di turner","un aumentato rischio di osteoporosi avviene in tutte le seguenti, tranne: eparina sindrome dell'ovaio policistico anoressia sindrome di turner amenorrea atletica","un aumentato rischio di osteoporosi avviene con tutte le seguenti, tranne:","un aumentato rischio di osteoporosi avviene in tutte le seguenti, tranne:",1.0000000000000002
2989,2972,Area Clinica 2016,Area Clinica 2017,"tutte le seguenti affermazioni sul calo ponderale nei primi giorni di vita sono corrette, tranne: può essere anche del 15% nel pretermine e' dovuto alla abbondante perdita di meconio e di liquidi e' dovuto alla relativa carenza calorica dei primi 2-3 giorni il peso della nascita deve essere recuperato entro il 5° giorno di vita* si considera fisiologico un calo fino a circa il 10% del peso della nascita","tutte le seguenti affermazioni sul calo ponderale nei primi giorni di vita sono corrette, tranne: può essere anche del 15% nel pretermine e' dovuto alla abbondante perdita di meconio e di liquidi e' dovuto alla relativa carenza calorica dei primi 2-3 giorni il peso della nascita deve essere recuperato entro il 5° giorno di vita si considera fisiologico un calo fino a circa il 10% del peso della nascita","tutte le seguenti affermazioni sul calo ponderale nei primi giorni di vita sono corrette, tranne:","tutte le seguenti affermazioni sul calo ponderale nei primi giorni di vita sono corrette, tranne:",1.0000000000000002
442,440,Area Clinica 2016,Area Clinica 2017,quale di queste malattie non e' un'indicazione di trapianto al polmone: adenocarcinoma linfangioleiomiomatosi enfisema istiocitosi x fibrosi cistica,quale di queste malattie non e' un'indicazione al trapianto al polmone: adenocarcinoma linfangioleiomiomatosi enfisema istiocitosi x fibrosi cistica,quale di queste malattie non e' un'indicazione di trapianto al polmone:,quale di queste malattie non e' un'indicazione al trapianto al polmone:,1.0000000000000002
506,504,Area Clinica 2016,Area Clinica 2019,"un uomo di 28 anni, altrimenti sano, va dal suo medico per un ingrandimento indolore del testicolo destro. ha iniziato ad avvertire una sensazione di pesantezza nell'emiscroto destro circa 6 mesi fa. l'esame obiettivo mostra un'ingrandimento diffuso del testicolo destro, ma è difficile determinare se questo è dovuto ad una lesione intratesticolare o extratesticolare. quale delle seguenti sarebbe il primo passo più appropriato da compiere per arrivare ad una diagnosi? tac scrotale determinazione dei livelli sierici di hcg, alfa fetoproteina e ldh ecografia scrotale ago biopsia orchiectomia inguinale","un uomo di 28 anni, altrimenti sano, va dal suo medico per un ingrandimento indolore del testicolo destro. ha iniziato ad avvertire una sensazione di pesantezza all'emiscroto destro circa 6 mesi fa. l'esame obiettivo mostra un'ingrandimento diffuso del testicolo destro, ma è difficile determinare se questo è dovuto ad una lesione intratesticolare o extratesticolare. quale delle seguenti sarebbe il primo passo più appropriato da compiere per arrivare ad una diagnosi? tac scrotale determinazione dei livelli sierici di hcg, alfa fetoproteina e ldh ecografia scrotale ago biopsia orchiectomia inguinale","un uomo di 28 anni, altrimenti sano, va dal suo medico per un ingrandimento indolore del testicolo destro. ha iniziato ad avvertire una sensazione di pesantezza nell'emiscroto destro circa 6 mesi fa. l'esame obiettivo mostra un'ingrandimento diffuso del testicolo destro, ma è difficile determinare se questo è dovuto ad una lesione intratesticolare o extratesticolare. quale delle seguenti sarebbe il primo passo più appropriato da compiere per arrivare ad una diagnosi?","un uomo di 28 anni, altrimenti sano, va dal suo medico per un ingrandimento indolore del testicolo destro. ha iniziato ad avvertire una sensazione di pesantezza all'emiscroto destro circa 6 mesi fa. l'esame obiettivo mostra un'ingrandimento diffuso del testicolo destro, ma è difficile determinare se questo è dovuto ad una lesione intratesticolare o extratesticolare. quale delle seguenti sarebbe il primo passo più appropriato da compiere per arrivare ad una diagnosi?",1.0000000000000002
313,311,Area Clinica 2016,Area Clinica 2018,qual'e' la percentuale di tumori della mammella sovra-diagnosticati (in altre parole: la percentuale di tumori scoperti allo screening che non avrebbero mai dato luogo a sintomatologia clinica)? 31% 21% 11% 1% 5%,qual e' la percentuale di tumori della mammella sovra-diagnosticati (in altre parole: la percentuale di tumori scoperti allo screening che non avrebbero mai dato luogo a sintomatologia clinica)? 31% 21% 11% 1% 5%,qual'e' la percentuale di tumori della mammella sovra-diagnosticati (in altre parole: la percentuale di tumori scoperti allo screening che non avrebbero mai dato luogo a sintomatologia clinica)?,qual e' la percentuale di tumori della mammella sovra-diagnosticati (in altre parole: la percentuale di tumori scoperti allo screening che non avrebbero mai dato luogo a sintomatologia clinica)?,1.0000000000000002
272,270,Area Clinica 2016,Area Clinica 2018,"in caso di emorragia postoperatoria di una tiroidectomia, l'ematoma conseguente si espande al di dietro dei muscoli lunghi del collo e puo' deformare la trachea e minacciare la pervieta' delle vie respiratorie sia per compressione che per edema laringeo. in assenza di evidenti segni di asfissia, qual' e' il procedimento da attuare? non fare alcunche' ed osservare l'evoluzione portare tempestivamente il paziente in sala operatoria per esplorare la loggia tiroidea e procedere ad una corretta emostasi mettere i drenaggi in aspirazione procedere immediatamente ad una tracheotomia al letto del paziente far saltare i punti della ferita chirurgica al letto del paziente","in caso di emorragia postoperatoria di una tiroidectomia, l'ematoma conseguente si espande al di dietro dei muscoli lunghi del collo e puo' deformare la trachea e minacciare la pervieta' delle vie respiratorie sia per compressione che per edema laringeo. in assenza di evidenti segni di asfissia, qual e' il procedimento da attuare? non fare alcunche' ed osservare l'evoluzione portare tempestivamente il paziente in sala operatoria per esplorare la loggia tiroidea e procedere ad una corretta emostasi mettere i drenaggi in aspirazione procedere immediatamente ad una tracheotomia al letto del paziente far saltare i punti della ferita chirurgica al letto del paziente","in caso di emorragia postoperatoria di una tiroidectomia, l'ematoma conseguente si espande al di dietro dei muscoli lunghi del collo e puo' deformare la trachea e minacciare la pervieta' delle vie respiratorie sia per compressione che per edema laringeo. in assenza di evidenti segni di asfissia, qual' e' il procedimento da attuare?","in caso di emorragia postoperatoria di una tiroidectomia, l'ematoma conseguente si espande al di dietro dei muscoli lunghi del collo e puo' deformare la trachea e minacciare la pervieta' delle vie respiratorie sia per compressione che per edema laringeo. in assenza di evidenti segni di asfissia, qual e' il procedimento da attuare?",1.0000000000000002
323,321,Area Clinica 2016,Area Clinica 2017,quale dei seguenti non e' un segno / sintomo caratteristico di carcinoma del retto? tenesmo rettale modificazioni dell'alvo rettorragia tumefazione palpabile all'esame obiettivo dell'addome senso di peso da corpo estraneo in sede rettale,quale dei seguenti non e' un segno / sintomo caratteristico di carcinoma del retto? tenesmo rettale modificazioni dell'alvo rettorragia tumefazione palpabile all'esame obiettivo dell'addome senso di peso da corpo estraneo in sede rettale,quale dei seguenti non e' un segno / sintomo caratteristico di carcinoma del retto?,quale dei seguenti non e' un segno / sintomo caratteristico di carcinoma del retto?,1.0
499,2962,Area Clinica 2016,Area Clinica 2019,quale è il gold standard della diagnosi della malattia di hirschsprung? biopsia rettale manometria anorettale clisma opaco ecografia addominale ph-metria,"quale è il ""gold standard"" per fare diagnosi della malattia di hirschsprung? ph-metria clisma opaco biopsia rettale ecografia addominale manometria anorettale",quale è il gold standard della diagnosi della malattia di hirschsprung?,"quale è il ""gold standard"" per fare diagnosi della malattia di hirschsprung?",1.0
317,315,Area Clinica 2016,Area Clinica 2017,"le statine svolgono un effetto protettivo nei confronti dello sviluppo di polipi adenomatosi della mucosa colorettale. questa protezione e' direttamente correlata a : durata del trattamento ) dosaggio del trattamento durata e dosaggio del trattamento non e' correlata ne' al dosaggio , ne' alla durata e' un'affermazione senza fondamento scientifico","le statine svolgono un effetto protettivo nei confronti dello sviluppo di polipi adenomatosi della mucosa colorettale. questa protezione e' direttamente correlata a : durata del trattamento dosaggio del trattamento durata e dosaggio del trattamento non e' correlata ne' al dosaggio , ne' alla durata e' un'affermazione senza fondamento scientifico",le statine svolgono un effetto protettivo nei confronti dello sviluppo di polipi adenomatosi della mucosa colorettale. questa protezione e' direttamente correlata a :,le statine svolgono un effetto protettivo nei confronti dello sviluppo di polipi adenomatosi della mucosa colorettale. questa protezione e' direttamente correlata a :,1.0
2614,2599,Area Clinica 2016,Area Clinica 2017,"la tonsillite ""pseudomembranosa"" si osserva, oggi, nell'ambito di quale quadro morboso: morbillo mononucleosi infettiva insufficienza renale morbo di basedow sinusite mascellare","la tonsillite ""pseudomembranosa"" si osserva, oggi, nell'ambito di quale quadro morboso: morbillo mononucleosi infettiva insufficienza renale morbo di basedow sinusite mascellare","la tonsillite ""pseudomembranosa"" si osserva, oggi, nell'ambito di quale quadro morboso:","la tonsillite ""pseudomembranosa"" si osserva, oggi, nell'ambito di quale quadro morboso:",1.0
572,569,Area Clinica 2016,Area Clinica 2019,cosa si intende per malattia di de quervain? tenosinovite cronica stenosante della guaina comune dei muscoli: breve estensore e lungo abduttore del pollice tenosinoviti reumatiche transitorie delle guaine dei flessori e degli estensori delle dita della mano necrosi asettica dello scafoide flemmone profondo sotto-aponeurotico che interessa le guaine dei flessori delle dita sinostosi congenita fra le ossa delle prima filiera del carpo,cosa si intende per malattia di de quervain? tenosinovite cronica stenosante della guaina comune dei muscoli breve estensore e lungo abduttore del pollice tenosinoviti reumatiche transitorie delle guaine dei flessori e degli estensori delle dita della mano necrosi asettica dello scafoide flemmone profondo sotto-aponeurotico che interessa le guaine dei flessori delle dita sinostosi congenita fra le ossa delle prima filiera del carpo,cosa si intende per malattia di de quervain?,cosa si intende per malattia di de quervain?,0.9999999999999999
3119,3101,Area Clinica 2016,Area Clinica 2017,"una ragazza di 12 anni sviluppa ittero, tremori progressivi e labilita' emotiva. quale delle seguenti piu' probabilmente potresti trovare nel corso dell'esame obiettivo? circonferenza cranica maggiore del 95mo percentile discolorazione marrone della regione limbica della cornea sordita' di trasmissione bilaterale linfoadenopatia generalizzata un ciuffo di capelli e fovea sacrale","una ragazza di 12 anni sviluppa ittero, tremori progressivi e labilita' emotiva. quale delle seguenti condizioni piu' probabilmente potresti trovare nel corso dell'esame obiettivo? circonferenza cranica maggiore del 95mo percentile discolorazione marrone della regione limbica della cornea sordita' di trasmissione bilaterale linfoadenopatia generalizzata un ciuffo di capelli e fovea sacrale","una ragazza di 12 anni sviluppa ittero, tremori progressivi e labilita' emotiva. quale delle seguenti piu' probabilmente potresti trovare nel corso dell'esame obiettivo?","una ragazza di 12 anni sviluppa ittero, tremori progressivi e labilita' emotiva. quale delle seguenti condizioni piu' probabilmente potresti trovare nel corso dell'esame obiettivo?",0.9949607234494353
1784,1769,Area Clinica 2016,Area Clinica 2018,"quali sono i componenti del sistema meccanico di difesa polmonare? sistema mucoregolatore, suddivisione dicotomica dei bronchi architettura anatomica dicotomica, ipersecrezione di muco, epitelio prismatico con cilia vibratili architettura anatomica dicotomica, sistema mucoregolatore, epitelio prismatico con cilia vibratili architettura anatomica dicotomica, sistema mucoregolatore, epitelio cubico architettura anatomica dicotomica, ipersecrezione di muco, epitelio cubico","quali sono i componenti del sistema meccanico di difesa polmonare? sistema mucoregolatore, suddivisione dicotomica dei bronchi architettura anatomica dicotomica, ipersecrezione di muco, epitelio prismatico con cilia vibratili sistema mucoregolatore, epitelio prismatico con cilia vibratili architettura anatomica dicotomica, sistema mucoregolatore, epitelio cubico architettura anatomica dicotomica, ipersecrezione di muco, epitelio cubico",quali sono i componenti del sistema meccanico di difesa polmonare?,quali sono i componenti del sistema meccanico di difesa polmonare?,0.991735389826041
1356,1344,Area Clinica 2016,Area Clinica 2018,qual'e' la localizzazione piu' frequente di una lesione luetica primaria nella donna? superficie interna grandi labbra orificio anale portio parete vaginale posteriore superficie mediale coscia,quale è la localizzazione piu' frequente di una lesione luetica primaria nella donna? superficie interna grandi labbra orificio anale portio parete vaginale posteriore superficie mediale coscia,qual'e' la localizzazione piu' frequente di una lesione luetica primaria nella donna?,quale è la localizzazione piu' frequente di una lesione luetica primaria nella donna?,0.9910845534302005
1634,1624,Area Clinica 2016,Area Clinica 2017,l'insufficienza ventricolare destra è secondaria a quale delle seguenti? stenosi dell'istmo dell'aorta insufficienza valvolare aortica stenosi valvolare aortica sarcoidosi polmonare cronica ipertensione arteriosa grave,l'insufficienza ventricolare destra è secondaria a quale delle seguenti condizioni? stenosi dell'istmo dell'aorta insufficienza valvolare aortica stenosi valvolare aortica sarcoidosi polmonare cronica ipertensione arteriosa grave,l'insufficienza ventricolare destra è secondaria a quale delle seguenti?,l'insufficienza ventricolare destra è secondaria a quale delle seguenti condizioni?,0.9905507377037693
3221,3192,Area Clinica 2016,Area Clinica 2018,nella stadiazione locale del tumore del polmone qual e' l'indagine radiologica piu' indicata? scintigrafia polmonare tc torace senza mezzo di contrasto broncoscopia rx torace tc torace con mezzo di contrasto,nella stadiazione locale del tumore del polmone quale è l'indagine radiologica piu' indicata? scintigrafia polmonare tc torace senza mezzo di contrasto broncoscopia rx torace tc torace con mezzo di contrasto,nella stadiazione locale del tumore del polmone qual e' l'indagine radiologica piu' indicata?,nella stadiazione locale del tumore del polmone quale è l'indagine radiologica piu' indicata?,0.9902708470854367
1680,1669,Area Clinica 2016,Area Clinica 2017,"osvaldo, anni 52-enne, ha una storia di diarrea e calo ponderale che si può far riferire a due anni prima. non c'è storia di sanguinamento gastroenterico ed una ricerca di sangue occulto fecale è risultata negativa su tre campioni. ammette di averci dato dentro con l'alcol in passato, ma da diversi anni è assolutamente astinente. ha un diabete, controllato con insulina. sei anni prima è stato colecistectomizzato. gli esami di laboratorio sono normali, se si fa eccezione per una lieve anemia, così come normali sono lo studio radiologico del piccolo e del grosso intestino. a questo punto, suggerireste: ercp (colangiopancreatolografia retrograda per via endoscopica) biopsia digiunale dosaggio dei grassi fecali breath test per disaccaridi colonscopia più biopsia","osvaldo, anni 52, ha una storia di diarrea e calo ponderale che si può far riferire a due anni prima. non c'è storia di sanguinamento gastroenterico ed una ricerca di sangue occulto fecale è risultata negativa su tre campioni. ammette di averci dato dentro con l'alcol in passato, ma da diversi anni è assolutamente astinente. ha un diabete, controllato con insulina. sei anni prima è stato colecistectomizzato. gli esami di laboratorio sono normali, se si fa eccezione per una lieve anemia, così come normali sono lo studio radiologico del piccolo e del grosso intestino. a questo punto, suggerireste: ercp (colangiopancreatolografia retrograda per via endoscopica) biopsia digiunale dosaggio dei grassi fecali breath test per disaccaridi colonscopia più biopsia","osvaldo, anni 52-enne, ha una storia di diarrea e calo ponderale che si può far riferire a due anni prima. non c'è storia di sanguinamento gastroenterico ed una ricerca di sangue occulto fecale è risultata negativa su tre campioni. ammette di averci dato dentro con l'alcol in passato, ma da diversi anni è assolutamente astinente. ha un diabete, controllato con insulina. sei anni prima è stato colecistectomizzato. gli esami di laboratorio sono normali, se si fa eccezione per una lieve anemia, così come normali sono lo studio radiologico del piccolo e del grosso intestino. a questo punto, suggerireste:","osvaldo, anni 52, ha una storia di diarrea e calo ponderale che si può far riferire a due anni prima. non c'è storia di sanguinamento gastroenterico ed una ricerca di sangue occulto fecale è risultata negativa su tre campioni. ammette di averci dato dentro con l'alcol in passato, ma da diversi anni è assolutamente astinente. ha un diabete, controllato con insulina. sei anni prima è stato colecistectomizzato. gli esami di laboratorio sono normali, se si fa eccezione per una lieve anemia, così come normali sono lo studio radiologico del piccolo e del grosso intestino. a questo punto, suggerireste:",0.9894905611175523
1791,1776,Area Clinica 2016,Area Clinica 2018,qual è la definizione di empiema pleurico? raccolta di linfa nello spazio pleurico raccolta di coaguli nello spazio pleurico in esiti di pneumonectomia raccolta di materiale purulento nello spazio pleurico raccolta di aria e sangue nello spazio pleurico raccolta di siero nello spazio pleurico,indicare la corretta definizione di empiema pleurico. raccolta di linfa nello spazio pleurico raccolta di coaguli nello spazio pleurico in esiti di pneumonectomia raccolta di materiale purulento nello spazio pleurico raccolta di aria e sangue nello spazio pleurico raccolta di siero nello spazio pleurico,qual è la definizione di empiema pleurico?,indicare la corretta definizione di empiema pleurico.,0.9881412457664736
1423,1511,Area Clinica 2016,Area Clinica 2016,l'abuso alcolico cronico può portare alla: demenza praecox nevrosi d'ansia schizofrenia demenza nessuna delle risposte,l'abuso alcolico cronico può portare a: demenza praecox nevrosi d'ansia demenza schizofrenia nessuna delle altre risposte indicate,l'abuso alcolico cronico può portare alla:,l'abuso alcolico cronico può portare a:,0.9878830388370478
2258,2245,Area Clinica 2016,Area Clinica 2017,l'alterazione oculare caratteristica della s. di sjogren è: la cataratta l'aumento della pressione endoculare l'atrofia del nervo ottico la cheratocongiuntivite secca la iridociclite,l'alterazione oculare caratteristica della sindrome di sjogren è: la cataratta l'aumento della pressione endoculare l'atrofia del nervo ottico la cheratocongiuntivite secca la iridociclite,l'alterazione oculare caratteristica della s. di sjogren è:,l'alterazione oculare caratteristica della sindrome di sjogren è:,0.987841097912652
267,265,Area Clinica 2016,Area Clinica 2017,un episodio di melena in un paziente portatore di un by-pass aorto-bi-femorale deve far sospettare come piu' probabile quale delle seguenti: un'ulcera da stress una fistola aorto-duodenale infarto mesenterico altra patologia emorragica gastro-enterica diverticolo di meckel,un episodio di melena in un paziente portatore di un by-pass aorto-bi-femorale deve far sospettare come piu' probabile quale delle seguenti cause: un'ulcera da stress una fistola aorto-duodenale infarto mesenterico altra patologia emorragica gastro-enterica diverticolo di meckel,un episodio di melena in un paziente portatore di un by-pass aorto-bi-femorale deve far sospettare come piu' probabile quale delle seguenti:,un episodio di melena in un paziente portatore di un by-pass aorto-bi-femorale deve far sospettare come piu' probabile quale delle seguenti cause:,0.9874683225347973
3045,3028,Area Clinica 2016,Area Clinica 2017,il diverticolo di meckel e' situato: nel retto nell'ileo a 20-60 cm dalla valvola ileocecale nell'ileo a 120 cm dalla valvola ileocecale nel colon nell'esofago,il diverticolo di meckel e' situato: nel retto nell'ileo a 60 cm dalla valvola ileocecale nell'ileo a 120 cm dalla valvola ileocecale nel colon nell'esofago,il diverticolo di meckel e' situato:,il diverticolo di meckel e' situato:,0.9872332833075802
656,650,Area Clinica 2016,Area Clinica 2019,"alberto ha 41 anni, è sempre stato bene fino a 5 giorni orsono quando è comparso dolore puntorio al terzo inferiore dell'emitorace destro, accentuato dall'inspirazione profonda, tosse e febbre. regolari frequenza e ritmo cardiaci, non soffi o toni aggiunti. non turgore venoso giugulare. dopo qualche giorno il dolore all'emitorace si attenua e l'esame fisico evidenzia riduzione del fvt, ottusità e riduzione dei suoni respiratori all'emitorace destro; l'emitorace sinistro è normale. con quale condizione patologica è compatibile l'obiettività fisica descritta? pneumotorace embolia polmonare empiema pleurico versamento pleurico broncopolmonite","alberto ha 41 anni, è sempre stato bene fino a 5 giorni orsono quando è comparso dolore puntorio al terzo inferiore dell'emitorace destro, accentuato dall'inspirazione profonda, tosse e febbre. regolari frequenza e ritmo cardiaco, non soffi o toni aggiunti. non turgore venoso giugulare. dopo qualche giorno il dolore all'emitorace si attenua e l'esame fisico evidenzia riduzione del fvt, ottusità e riduzione dei suoni respiratori all'emitorace destro; l'emitorace sinistro è normale. con quale condizione patologica è compatibile l'obiettività fisica descritta? pneumotorace embolia polmonare empiema pleurico versamento pleurico broncopolmonite","alberto ha 41 anni, è sempre stato bene fino a 5 giorni orsono quando è comparso dolore puntorio al terzo inferiore dell'emitorace destro, accentuato dall'inspirazione profonda, tosse e febbre. regolari frequenza e ritmo cardiaci, non soffi o toni aggiunti. non turgore venoso giugulare. dopo qualche giorno il dolore all'emitorace si attenua e l'esame fisico evidenzia riduzione del fvt, ottusità e riduzione dei suoni respiratori all'emitorace destro; l'emitorace sinistro è normale. con quale condizione patologica è compatibile l'obiettività fisica descritta?","alberto ha 41 anni, è sempre stato bene fino a 5 giorni orsono quando è comparso dolore puntorio al terzo inferiore dell'emitorace destro, accentuato dall'inspirazione profonda, tosse e febbre. regolari frequenza e ritmo cardiaco, non soffi o toni aggiunti. non turgore venoso giugulare. dopo qualche giorno il dolore all'emitorace si attenua e l'esame fisico evidenzia riduzione del fvt, ottusità e riduzione dei suoni respiratori all'emitorace destro; l'emitorace sinistro è normale. con quale condizione patologica è compatibile l'obiettività fisica descritta?",0.9866320462953947
672,667,Area Clinica 2016,Area Clinica 2017,pe eritema si intende: arrossamento della cute che scompare alla pressione digitale arrossamento della cute che non scompare alla pressione digitale arrossamento della cute con vescicole una rilevatezza della cute circoscritta con edema arrossamento della cute con prurito intenso,per eritema si intende: arrossamento della cute che scompare alla pressione digitale arrossamento della cute che non scompare alla pressione digitale arrossamento della cute con vescicole una rilevatezza della cute circoscritta con edema arrossamento della cute con prurito intenso,pe eritema si intende:,per eritema si intende:,0.9861249932309096
94,93,Area Clinica 2016,Area Clinica 2019,"quale dei seguenti esami è prioritario, di pronta realizzazione ed efficacia diagnostica in un paziente con ittero a recente insorgenza, prurito, dolori all'ipocondrio destro e dispepsia? colecistografia per os colangiografia endovenosa colangio risonanza magnetica nucleare radiografia dell'addome ecografia epato-bilio-pancreatica, eventualmente seguita da colangio-pancreatografia retrograda endoscopica","quale dei seguenti esami è prioritario, di pronta realizzazione ed efficacia diagnostica in un paziente con ittero a recente insorgenza, prurito, dolori all'ipocondrio destro e dispepsia? colecistografia per os colangiografia endovenosa colangio risonanza magnetica radiografia dell'addome ecografia epato-bilio-pancreatica, eventualmente seguita da colangio-pancreatografia retrograda endoscopica","quale dei seguenti esami è prioritario, di pronta realizzazione ed efficacia diagnostica in un paziente con ittero a recente insorgenza, prurito, dolori all'ipocondrio destro e dispepsia?","quale dei seguenti esami è prioritario, di pronta realizzazione ed efficacia diagnostica in un paziente con ittero a recente insorgenza, prurito, dolori all'ipocondrio destro e dispepsia?",0.9848512858286808
3229,3200,Area Clinica 2016,Area Clinica 2018,paziente con metastasi osteo-addensanti. quale indagine permette una migliore valutazione della estensione della malattia scheletrica? tc senza mezzo di contrasto total body tc con mezzo di contrasto total body scintigrafia ossea scheletrica rm rachide lombosacrale moc (mineralometria ossea computerizzata),quale indagine permette una migliore valutazione della estensione della malattia scheletrica in caso di metastasi ossee osteo addensanti? tc senza mezzo di contrasto total body tc con mezzo di contrasto total body scintigrafia ossea scheletrica rm rachide lombosacrale moc (mineralometria ossea computerizzata),paziente con metastasi osteo-addensanti. quale indagine permette una migliore valutazione della estensione della malattia scheletrica?,quale indagine permette una migliore valutazione della estensione della malattia scheletrica in caso di metastasi ossee osteo addensanti?,0.9845570500193479
707,701,Area Clinica 2016,Area Clinica 2019,"un uomo di 39 anni lamenta un dolore al fianco sinistro qualche ora dopo in trauma contusivo all'ipocondrio sinistro. l'esame fisico risulta normale. la pressione arteriosa risulta 100/65 mmhg, la frequenza del polso è 86/min. l'esame delle urine evidenzia la presenza di 6-7 emazie per campo. la decisione successiva più adeguata è: ecografia renale urografia vigile attesa tac scintigrafia","un uomo di 39 anni lamenta un dolore al fianco sinistro qualche ora dopo un trauma contusivo all'ipocondrio sinistro. l'esame fisico risulta normale. la pressione arteriosa risulta 100/65 mmhg, la frequenza del polso è 86/min. l'esame delle urine evidenzia la presenza di 6-7 emazie per campo. la decisione successiva più adeguata è: ecografia renale urografia vigile attesa tc scintigrafia","un uomo di 39 anni lamenta un dolore al fianco sinistro qualche ora dopo in trauma contusivo all'ipocondrio sinistro. l'esame fisico risulta normale. la pressione arteriosa risulta 100/65 mmhg, la frequenza del polso è 86/min. l'esame delle urine evidenzia la presenza di 6-7 emazie per campo. la decisione successiva più adeguata è:","un uomo di 39 anni lamenta un dolore al fianco sinistro qualche ora dopo un trauma contusivo all'ipocondrio sinistro. l'esame fisico risulta normale. la pressione arteriosa risulta 100/65 mmhg, la frequenza del polso è 86/min. l'esame delle urine evidenzia la presenza di 6-7 emazie per campo. la decisione successiva più adeguata è:",0.9844450719050035
3097,3079,Area Clinica 2016,Area Clinica 2017,quando un neonato si definisce di peso estremamente basso (elbw?) al di sotto di 2500 grammi al di sotto di 2000 grammi al di sotto di 1500 grammi al di sotto di 1000 grammi al di sotto di 500 grammi,quando un neonato si definisce di peso estremamente basso? al di sotto di 2500 grammi al di sotto di 2000 grammi al di sotto di 1500 grammi al di sotto di 1000 grammi al di sotto di 500 grammi,quando un neonato si definisce di peso estremamente basso (elbw?),quando un neonato si definisce di peso estremamente basso?,0.9823606873241514
3377,3357,Area Clinica 2016,Area Clinica 2017,"tutte le seguenti condizioni d'anno un'immagine di ""minus"" in una radiografia dello stomaco con mezzo maritato, tranne: cancro gastrico vegetante polipo gastrico lipoma gastrico tricofitobezooar gastrite cronica","tutte le seguenti condizioni danno un'immagine di ""minus"" in una radiografia dello stomaco con mezzo maritato, tranne: cancro gastrico vegetante polipo gastrico lipoma gastrico tricofitobezooar gastrite cronica","tutte le seguenti condizioni d'anno un'immagine di ""minus"" in una radiografia dello stomaco con mezzo maritato, tranne:","tutte le seguenti condizioni danno un'immagine di ""minus"" in una radiografia dello stomaco con mezzo maritato, tranne:",0.9809304714929237
3360,3331,Area Clinica 2016,Area Clinica 2019,"un uomo di 30 anni ha presentato violento dolore epigastrico qualche ora prima. il dolore persiste, anche se leggermente attenuato. le condizioni generali sono buone, anche se il paziente è provato. è presente reazione di difesa, soprattutto in epigastrio. la radiografia dell'addome mostra una falce aerea sottodiaframmatica. qual è la prima ipotesi diagnostica? diverticoli del sigma pancreatite acute infarto mesenterico ulcera perforata colecistite acuta","un uomo di 30 anni ha presentato violento dolore epigastrico qualche ora prima. il dolore persiste, anche se leggermente attenuato. le condizioni generali sono buone, anche se il paziente è provato. è presente reazione di difesa, soprattutto in epigastrio. la radiografia dell'addome mostra una falce aerea sottodiaframmatica. qual è la prima ipotesi diagnostica? diverticoli del sigma pancreatite acuta infarto mesenterico ulcera perforata colecistite acuta","un uomo di 30 anni ha presentato violento dolore epigastrico qualche ora prima. il dolore persiste, anche se leggermente attenuato. le condizioni generali sono buone, anche se il paziente è provato. è presente reazione di difesa, soprattutto in epigastrio. la radiografia dell'addome mostra una falce aerea sottodiaframmatica. qual è la prima ipotesi diagnostica?","un uomo di 30 anni ha presentato violento dolore epigastrico qualche ora prima. il dolore persiste, anche se leggermente attenuato. le condizioni generali sono buone, anche se il paziente è provato. è presente reazione di difesa, soprattutto in epigastrio. la radiografia dell'addome mostra una falce aerea sottodiaframmatica. qual è la prima ipotesi diagnostica?",0.9801362966123786
